,doi
76,10.1007/978-3-030-39905-4_1
78,10.1007/978-3-030-39905-4_15
79,10.1007/978-3-030-39905-4_17
82,10.1007/978-3-030-39905-4_12
83,10.1007/978-3-030-39905-4_11
84,10.1007/978-3-030-39905-4_8
86,10.1007/978-3-030-39905-4_18
87,10.1007/978-3-030-39905-4_6
88,10.1007/978-3-030-39905-4_5
89,10.1007/978-3-030-39905-4_4
90,10.1007/978-3-030-39905-4_10
93,10.1007/978-3-030-39905-4_14
94,10.1007/978-3-030-39905-4_2
95,10.1007/978-3-030-39905-4_7
96,10.1007/978-3-030-39905-4_9
97,10.1007/978-3-030-39905-4_3
98,10.1007/978-3-030-39905-4_16
99,10.1007/978-3-030-39905-4_13
102,10.1007/978-3-030-11226-4_1
105,10.1007/978-3-030-11226-4_4
106,10.1007/978-3-030-11226-4_15
107,10.1007/978-3-030-11226-4_16
108,10.1007/978-3-030-11226-4_10
109,10.1007/978-3-030-11226-4_14
111,10.1007/978-3-030-11226-4_11
112,10.1007/978-3-030-11226-4_25
114,10.1007/978-3-030-11226-4_3
115,10.1007/978-3-030-11226-4_12
116,10.1007/978-3-030-11226-4_8
118,10.1007/978-3-030-11226-4_23
119,10.1007/978-3-030-11226-4_5
121,10.1007/978-3-030-11226-4_27
122,10.1007/978-3-030-11226-4_2
124,10.1007/978-3-030-11226-4_18
126,10.1007/978-3-030-11226-4_19
127,10.1007/978-3-030-11226-4_26
128,10.1007/978-3-030-11226-4_20
129,10.1007/978-3-030-11226-4_13
131,10.1007/978-3-030-11226-4_17
132,10.1007/978-3-030-11226-4_9
133,10.1007/978-3-030-11226-4_24
135,10.1007/978-3-030-11226-4_22
136,10.1007/978-3-030-11226-4_21
137,10.1007/978-3-030-11226-4_6
139,10.1007/978-3-030-11226-4_7
143,10.1007/978-3-319-73165-0_11
144,10.1007/978-3-319-73165-0_5
145,10.1007/978-3-319-73165-0_4
146,10.1007/978-3-319-73165-0_21
147,10.1007/978-3-319-73165-0_12
148,10.1007/978-3-319-73165-0_20
149,10.1007/978-3-319-73165-0_14
150,10.1007/978-3-319-73165-0_24
151,10.1007/978-3-319-73165-0_18
152,10.1007/978-3-319-73165-0_9
153,10.1007/978-3-319-73165-0_15
154,10.1007/978-3-319-73165-0_22
155,10.1007/978-3-319-73165-0_17
156,10.1007/978-3-319-73165-0_1
157,10.1007/978-3-319-73165-0_7
158,10.1007/978-3-319-73165-0_6
159,10.1007/978-3-319-73165-0_8
160,10.1007/978-3-319-73165-0_13
161,10.1007/978-3-319-73165-0_19
162,10.1007/978-3-319-73165-0_23
163,10.1007/978-3-319-73165-0_3
164,10.1007/978-3-319-73165-0_2
165,10.1007/978-3-319-73165-0_16
166,10.1007/978-3-319-73165-0_10
167,10.1007/978-3-319-73165-0_25
169,10.1007/978-3-319-68130-6_11
170,10.1007/978-3-319-68130-6_12
171,10.1007/978-3-319-68130-6_8
172,10.1007/978-3-319-68130-6_14
173,10.1007/978-3-319-68130-6_5
174,10.1007/978-3-319-68130-6_4
175,10.1007/978-3-319-68130-6_10
176,10.1007/978-3-319-68130-6_6
177,10.1007/978-3-319-68130-6_13
178,10.1007/978-3-319-68130-6_2
179,10.1007/978-3-319-68130-6_15
180,10.1007/978-3-319-68130-6_1
181,10.1007/978-3-319-68130-6_7
182,10.1007/978-3-319-68130-6_3
183,10.1007/978-3-319-68130-6_9
186,10.1007/978-3-319-56300-8_8
187,10.1007/978-3-319-56300-8_11
188,10.1007/978-3-319-56300-8_1
189,10.1007/978-3-319-56300-8_5
190,10.1007/978-3-319-56300-8_14
191,10.1007/978-3-319-56300-8_13
192,10.1007/978-3-319-56300-8_15
193,10.1007/978-3-319-56300-8_12
194,10.1007/978-3-319-56300-8_9
195,10.1007/978-3-319-56300-8_3
196,10.1007/978-3-319-56300-8_10
197,10.1007/978-3-319-56300-8_6
198,10.1007/978-3-319-56300-8_2
199,10.1007/978-3-319-56300-8_7
200,10.1007/978-3-319-56300-8_4
202,10.1007/978-3-319-41938-1_1
203,10.1007/978-3-319-41938-1_16
204,10.1007/978-3-319-41938-1_17
205,10.1007/978-3-319-41938-1_10
206,10.1007/978-3-319-41938-1_6
207,10.1007/978-3-319-41938-1_5
208,10.1007/978-3-319-41938-1_18
209,10.1007/978-3-319-41938-1_9
210,10.1007/978-3-319-41938-1_14
211,10.1007/978-3-319-41938-1_3
212,10.1007/978-3-319-41938-1_7
213,10.1007/978-3-319-41938-1_4
214,10.1007/978-3-319-41938-1_11
215,10.1007/978-3-319-41938-1_13
216,10.1007/978-3-319-41938-1_8
217,10.1007/978-3-319-41938-1_2
218,10.1007/978-3-319-41938-1_15
219,10.1007/978-3-319-41938-1_12
220,10.1016/J.PROCS.2014.10.007
221,10.1016/J.PROCS.2014.10.022
222,10.1016/J.PROCS.2014.10.004
223,10.1016/J.PROCS.2014.10.021
224,10.1016/J.PROCS.2014.10.013
225,10.1016/J.PROCS.2014.10.017
226,10.1016/J.PROCS.2014.10.010
227,10.1016/J.PROCS.2014.10.009
228,10.1016/J.PROCS.2014.10.003
229,10.1016/J.PROCS.2014.10.002
230,10.1016/J.PROCS.2014.10.011
231,10.1016/J.PROCS.2014.10.014
232,10.1016/J.PROCS.2014.10.020
233,10.1016/J.PROCS.2014.10.012
234,10.1016/J.PROCS.2014.10.019
235,10.1016/J.PROCS.2014.10.008
236,10.1016/J.PROCS.2014.10.016
237,10.1016/J.PROCS.2014.10.006
238,10.1016/J.PROCS.2014.10.015
239,10.1016/J.PROCS.2014.10.018
240,10.1016/J.PROCS.2014.10.023
241,10.1016/J.PROCS.2014.10.005
242,10.1016/J.PROCS.2014.10.001
245,10.1007/978-3-642-54347-0_16
246,10.1007/978-3-642-54347-0_6
247,10.1007/978-3-642-54347-0_9
248,10.1007/978-3-642-54347-0_2
249,10.1007/978-3-642-54347-0_3
250,10.1007/978-3-642-54347-0_12
251,10.1007/978-3-642-54347-0_5
252,10.1007/978-3-642-54347-0_14
253,10.1007/978-3-642-54347-0_4
254,10.1007/978-3-642-54347-0_7
255,10.1007/978-3-642-54347-0_11
256,10.1007/978-3-642-54347-0_18
257,10.1007/978-3-642-54347-0_1
258,10.1007/978-3-642-54347-0_8
259,10.1007/978-3-642-54347-0_13
260,10.1007/978-3-642-54347-0_19
261,10.1007/978-3-642-54347-0_17
262,10.1007/978-3-642-54347-0_15
263,10.1007/978-3-642-54347-0_20
264,10.1007/978-3-642-54347-0_10
266,10.1007/978-3-642-35834-0_1
267,10.1007/978-3-642-35834-0_20
268,10.1007/978-3-642-35834-0_24
269,10.1007/978-3-642-35834-0_17
270,10.1007/978-3-642-35834-0_6
271,10.1007/978-3-642-35834-0_7
272,10.1007/978-3-642-35834-0_4
273,10.1007/978-3-642-35834-0_26
274,10.1007/978-3-642-35834-0_2
275,10.1007/978-3-642-35834-0_5
276,10.1007/978-3-642-35834-0_16
277,10.1007/978-3-642-35834-0_13
278,10.1007/978-3-642-35834-0_3
279,10.1007/978-3-642-35834-0_11
280,10.1007/978-3-642-35834-0_8
281,10.1007/978-3-642-35834-0_22
282,10.1007/978-3-642-35834-0_25
283,10.1007/978-3-642-35834-0_18
284,10.1007/978-3-642-35834-0_12
285,10.1007/978-3-642-35834-0_10
286,10.1007/978-3-642-35834-0_23
287,10.1007/978-3-642-35834-0_21
288,10.1007/978-3-642-35834-0_14
289,10.1007/978-3-642-35834-0_9
290,10.1007/978-3-642-35834-0_19
291,10.1007/978-3-642-35834-0_15
292,10.1007/978-3-642-27302-5_9
293,10.1007/978-3-642-27302-5_6
294,10.1007/978-3-642-27302-5_8
295,10.1007/978-3-642-27302-5_12
296,10.1007/978-3-642-27302-5_10
297,10.1007/978-3-642-27302-5_16
298,10.1007/978-3-642-27302-5_4
299,10.1007/978-3-642-27302-5_20
300,10.1007/978-3-642-27302-5_13
301,10.1007/978-3-642-27302-5_17
302,10.1007/978-3-642-27302-5_14
303,10.1007/978-3-642-27302-5_11
304,10.1007/978-3-642-27302-5_15
305,10.1007/978-3-642-27302-5_2
306,10.1007/978-3-642-27302-5_19
307,10.1007/978-3-642-27302-5_21
308,10.1007/978-3-642-27302-5_18
309,10.1007/978-3-642-27302-5_5
310,10.1007/978-3-642-27302-5_3
311,10.1007/978-3-642-27302-5_1
312,10.1007/978-3-642-27302-5_7
315,10.1007/978-3-642-15850-6_10
316,10.1007/978-3-642-15850-6_5
317,10.1007/978-3-642-15850-6_1
318,10.1007/978-3-642-15850-6_20
319,10.1007/978-3-642-15850-6_16
320,10.1007/978-3-642-15850-6_3
321,10.1007/978-3-642-15850-6_9
322,10.1007/978-3-642-15850-6_11
323,10.1007/978-3-642-15850-6_13
324,10.1007/978-3-642-15850-6_15
325,10.1007/978-3-642-15850-6_7
326,10.1007/978-3-642-15850-6_14
327,10.1007/978-3-642-15850-6_18
328,10.1007/978-3-642-15850-6_6
329,10.1007/978-3-642-15850-6_17
330,10.1007/978-3-642-15850-6_12
331,10.1007/978-3-642-15850-6_19
332,10.1007/978-3-642-15850-6_4
333,10.1007/978-3-642-15850-6_8
334,10.1007/978-3-642-15850-6_2
